-- phpMyAdmin SQL Dump
-- version 4.9.0.1
-- https://www.phpmyadmin.net/
--
-- Hôte : 127.0.0.1:3306
-- Généré le :  mer. 16 oct. 2019 à 02:29
-- Version du serveur :  10.3.17-MariaDB
-- Version de PHP :  7.3.8

SET SQL_MODE = "NO_AUTO_VALUE_ON_ZERO";
SET AUTOCOMMIT = 0;
START TRANSACTION;
SET time_zone = "+00:00";


/*!40101 SET @OLD_CHARACTER_SET_CLIENT=@@CHARACTER_SET_CLIENT */;
/*!40101 SET @OLD_CHARACTER_SET_RESULTS=@@CHARACTER_SET_RESULTS */;
/*!40101 SET @OLD_COLLATION_CONNECTION=@@COLLATION_CONNECTION */;
/*!40101 SET NAMES utf8mb4 */;

--
-- Base de données :  `computer_sales`
--
-- --------------------------------------------------------

--
-- Structure de la table `files`
--

CREATE TABLE `files` (
  `id` int(11) NOT NULL,
  `name` varchar(255) COLLATE utf8_unicode_ci NOT NULL,
  `path` varchar(255) COLLATE utf8_unicode_ci NOT NULL,
  `created` datetime NOT NULL,
  `modified` datetime NOT NULL,
  `status` tinyint(1) NOT NULL DEFAULT 1 COMMENT '1 = Active, 0 = Inactive'
) ENGINE=InnoDB DEFAULT CHARSET=utf8 COLLATE=utf8_unicode_ci;

--
-- Déchargement des données de la table `files`
--

INSERT INTO `files` (`id`, `name`, `path`, `created`, `modified`, `status`) VALUES
(1, '', 'Files/', '2019-10-01 00:00:00', '2019-10-15 19:38:26', 1),
(3, 'dell.jpg', 'Files/', '2019-09-09 08:43:12', '2019-09-09 08:43:12', 1);

-- --------------------------------------------------------

--
-- Structure de la table `files_products`
--

CREATE TABLE `files_products` (
  `id` int(11) NOT NULL,
  `product_id` int(11) NOT NULL,
  `file_id` int(11) NOT NULL
) ENGINE=InnoDB DEFAULT CHARSET=utf8 COLLATE=utf8_unicode_ci;

--
-- Déchargement des données de la table `files_products`
--

INSERT INTO `files_products` (`id`, `product_id`, `file_id`) VALUES
(1, 5, 1),
(2, 5, 3);

-- --------------------------------------------------------

--
-- Structure de la table `i18n`
--

CREATE TABLE `i18n` (
  `id` int(11) NOT NULL,
  `locale` varchar(6) COLLATE utf8_unicode_ci NOT NULL,
  `model` varchar(255) COLLATE utf8_unicode_ci NOT NULL,
  `foreign_key` int(10) NOT NULL,
  `field` varchar(255) COLLATE utf8_unicode_ci NOT NULL,
  `content` text COLLATE utf8_unicode_ci DEFAULT NULL
) ENGINE=InnoDB DEFAULT CHARSET=utf8 COLLATE=utf8_unicode_ci;

--
-- Déchargement des données de la table `i18n`
--

INSERT INTO `i18n` (`id`, `locale`, `model`, `foreign_key`, `field`, `content`) VALUES
(1, 'en_US', 'Tags', 1, 'title', 'Education');

-- --------------------------------------------------------

--
-- Structure de la table `phinxlog`
--

CREATE TABLE `phinxlog` (
  `version` bigint(20) NOT NULL,
  `migration_name` varchar(100) DEFAULT NULL,
  `start_time` timestamp NULL DEFAULT NULL,
  `end_time` timestamp NULL DEFAULT NULL,
  `breakpoint` tinyint(1) NOT NULL DEFAULT 0
) ENGINE=InnoDB DEFAULT CHARSET=utf8;

--
-- Déchargement des données de la table `phinxlog`
--

INSERT INTO `phinxlog` (`version`, `migration_name`, `start_time`, `end_time`, `breakpoint`) VALUES
(20191008212044, 'Initial', '2019-10-09 01:20:45', '2019-10-09 01:20:45', 0),
(20191015200400, 'Initial', '2019-10-16 00:04:01', '2019-10-16 00:04:01', 0);

-- --------------------------------------------------------

--
-- Structure de la table `products`
--

CREATE TABLE `products` (
  `id` int(11) NOT NULL,
  `user_id` int(11) NOT NULL,
  `name` varchar(255) NOT NULL,
  `slug` varchar(191) NOT NULL,
  `price` int(11) NOT NULL,
  `description` text DEFAULT NULL,
  `published` tinyint(1) DEFAULT 0,
  `created` datetime DEFAULT NULL,
  `modified` datetime DEFAULT NULL
) ENGINE=InnoDB DEFAULT CHARSET=utf8mb4;

--
-- Déchargement des données de la table `products`
--

INSERT INTO `products` (`id`, `user_id`, `name`, `slug`, `price`, `description`, `published`, `created`, `modified`) VALUES
(1, 1, 'ASUS VivoBook', 'first-post', 1234, 'This is the first post.', 1, '2019-08-21 20:47:19', '2019-08-21 20:47:19'),
(2, 1, 'Acer Aspire', 'second-post', 590, 'Battery life of up to 8 hours.', 1, '2019-08-21 00:00:00', '2019-08-25 23:48:47'),
(3, 1, 'ASUS ZenBook', 'Other add', 765, '', 0, '2019-08-22 01:29:11', '2019-08-22 01:29:47'),
(4, 2, 'Microsoft Surface Book', 'add by admin', 1098, 'Offers 4 versatile use modes.', 1, '2019-08-26 00:09:41', '2019-08-26 00:09:41'),
(5, 3, 'Dell i3583', 'last post', 1342, 'Numeric keypad makes budgeting and other calculations a snap.', 0, '2019-08-30 00:53:01', '2019-08-30 00:54:42');

-- --------------------------------------------------------

--
-- Structure de la table `products_tags`
--

CREATE TABLE `products_tags` (
  `product_id` int(11) NOT NULL,
  `tag_id` int(11) NOT NULL
) ENGINE=InnoDB DEFAULT CHARSET=utf8 COLLATE=utf8_unicode_ci;

--
-- Déchargement des données de la table `products_tags`
--

INSERT INTO `products_tags` (`product_id`, `tag_id`) VALUES
(5, 2);

-- --------------------------------------------------------

--
-- Structure de la table `reviews`
--

CREATE TABLE `reviews` (
  `id` int(11) NOT NULL,
  `product_id` int(11) NOT NULL,
  `name` varchar(255) COLLATE utf8_unicode_ci NOT NULL,
  `review` text COLLATE utf8_unicode_ci NOT NULL,
  `created` datetime NOT NULL,
  `modified` datetime NOT NULL
) ENGINE=InnoDB DEFAULT CHARSET=utf8 COLLATE=utf8_unicode_ci;

--
-- Déchargement des données de la table `reviews`
--

INSERT INTO `reviews` (`id`, `product_id`, `name`, `review`, `created`, `modified`) VALUES
(1, 4, 'Anne', 'Good computer', '2019-08-29 23:13:03', '2019-08-29 23:13:03'),
(2, 2, 'Alex', 'Bad computer', '2019-08-29 23:18:39', '2019-08-29 23:18:39'),
(3, 5, 'Jo', 'Ok computer', '2019-08-30 13:36:36', '2019-08-30 13:36:36');

-- --------------------------------------------------------

--
-- Structure de la table `roles`
--

CREATE TABLE `roles` (
  `id` int(11) NOT NULL,
  `title` varchar(255) NOT NULL
) ENGINE=InnoDB DEFAULT CHARSET=utf8;

--
-- Déchargement des données de la table `roles`
--

INSERT INTO `roles` (`id`, `title`) VALUES
(1, 'admin'),
(2, 'supervisor'),
(3, 'employer');

-- --------------------------------------------------------

--
-- Structure de la table `tags`
--

CREATE TABLE `tags` (
  `id` int(11) NOT NULL,
  `title` varchar(191) DEFAULT NULL,
  `created` datetime DEFAULT NULL,
  `modified` datetime DEFAULT NULL
) ENGINE=InnoDB DEFAULT CHARSET=utf8mb4;

--
-- Déchargement des données de la table `tags`
--

INSERT INTO `tags` (`id`, `title`, `created`, `modified`) VALUES
(1, 'Éducation', '2019-08-30 00:51:01', '2019-08-30 14:21:53'),
(2, 'Laval', '2019-08-30 00:51:10', '2019-08-30 00:51:10'),
(3, 'International', '2019-08-30 00:51:20', '2019-08-30 00:51:20');

-- --------------------------------------------------------

--
-- Structure de la table `users`
--

CREATE TABLE `users` (
  `id` int(11) NOT NULL,
  `email` varchar(255) COLLATE utf8_unicode_ci NOT NULL,
  `password` varchar(255) COLLATE utf8_unicode_ci NOT NULL,
  `created` datetime DEFAULT NULL,
  `modified` datetime DEFAULT NULL,
  `id_role` int(11) NOT NULL,
  `uuid` varchar(255) COLLATE utf8_unicode_ci NOT NULL,
  `active` tinyint(1) NOT NULL DEFAULT 0
) ENGINE=InnoDB DEFAULT CHARSET=utf8 COLLATE=utf8_unicode_ci;

--
-- Déchargement des données de la table `users`
--

INSERT INTO `users` (`id`, `email`, `password`, `created`, `modified`, `id_role`, `uuid`, `active`) VALUES
(1, 'admin@gmail.com', '$2y$10$dp8.mABBA2Sg2CTANKMCM.VGKDxC26fJ/RwM.ny.ZLKsTtAjXm3TW', '2019-08-21 20:47:19', '2019-08-25 23:40:48', 1, '', 1),
(2, 'supervisor@gmail.com', '$2y$10$dp8.mABBA2Sg2CTANKMCM.VGKDxC26fJ/RwM.ny.ZLKsTtAjXm3TW', '2019-08-25 23:41:16', '2019-08-25 23:41:16', 2, '', 1),
(3, 'employer@gmail.com', '$2y$10$dp8.mABBA2Sg2CTANKMCM.VGKDxC26fJ/RwM.ny.ZLKsTtAjXm3TW', '2019-08-30 00:34:55', '2019-08-30 00:34:55', 3, '', 1);

--
-- Index pour les tables déchargées
--

--
-- Index pour la table `files`
--
ALTER TABLE `files`
  ADD PRIMARY KEY (`id`);

--
-- Index pour la table `files_products`
--
ALTER TABLE `files_products`
  ADD PRIMARY KEY (`id`),
  ADD KEY `product_id` (`product_id`),
  ADD KEY `file_id` (`file_id`);

--
-- Index pour la table `i18n`
--
ALTER TABLE `i18n`
  ADD PRIMARY KEY (`id`),
  ADD UNIQUE KEY `I18N_LOCALE_FIELD` (`locale`,`model`,`foreign_key`,`field`),
  ADD KEY `I18N_FIELD` (`model`,`foreign_key`,`field`);

--
-- Index pour la table `phinxlog`
--
ALTER TABLE `phinxlog`
  ADD PRIMARY KEY (`version`);

--
-- Index pour la table `products`
--
ALTER TABLE `products`
  ADD PRIMARY KEY (`id`),
  ADD KEY `user_key` (`user_id`);

--
-- Index pour la table `products_tags`
--
ALTER TABLE `products_tags`
  ADD PRIMARY KEY (`product_id`,`tag_id`),
  ADD KEY `tag_key` (`tag_id`);

--
-- Index pour la table `reviews`
--
ALTER TABLE `reviews`
  ADD PRIMARY KEY (`id`),
  ADD KEY `product_id` (`product_id`);

--
-- Index pour la table `roles`
--
ALTER TABLE `roles`
  ADD PRIMARY KEY (`id`);

--
-- Index pour la table `tags`
--
ALTER TABLE `tags`
  ADD PRIMARY KEY (`id`),
  ADD UNIQUE KEY `title` (`title`);

--
-- Index pour la table `users`
--
ALTER TABLE `users`
  ADD PRIMARY KEY (`id`),
  ADD KEY `id_role` (`id_role`);

--
-- AUTO_INCREMENT pour les tables déchargées
--

--
-- AUTO_INCREMENT pour la table `files`
--
ALTER TABLE `files`
  MODIFY `id` int(11) NOT NULL AUTO_INCREMENT, AUTO_INCREMENT=4;

--
-- AUTO_INCREMENT pour la table `files_products`
--
ALTER TABLE `files_products`
  MODIFY `id` int(11) NOT NULL AUTO_INCREMENT, AUTO_INCREMENT=3;

--
-- AUTO_INCREMENT pour la table `i18n`
--
ALTER TABLE `i18n`
  MODIFY `id` int(11) NOT NULL AUTO_INCREMENT, AUTO_INCREMENT=2;

--
-- AUTO_INCREMENT pour la table `products`
--
ALTER TABLE `products`
  MODIFY `id` int(11) NOT NULL AUTO_INCREMENT, AUTO_INCREMENT=6;

--
-- AUTO_INCREMENT pour la table `reviews`
--
ALTER TABLE `reviews`
  MODIFY `id` int(11) NOT NULL AUTO_INCREMENT, AUTO_INCREMENT=4;

--
-- AUTO_INCREMENT pour la table `roles`
--
ALTER TABLE `roles`
  MODIFY `id` int(11) NOT NULL AUTO_INCREMENT, AUTO_INCREMENT=4;

--
-- AUTO_INCREMENT pour la table `tags`
--
ALTER TABLE `tags`
  MODIFY `id` int(11) NOT NULL AUTO_INCREMENT, AUTO_INCREMENT=4;

--
-- AUTO_INCREMENT pour la table `users`
--
ALTER TABLE `users`
  MODIFY `id` int(11) NOT NULL AUTO_INCREMENT, AUTO_INCREMENT=18;

--
-- Contraintes pour les tables déchargées
--

--
-- Contraintes pour la table `files_products`
--
ALTER TABLE `files_products`
  ADD CONSTRAINT `files_products_ibfk_1` FOREIGN KEY (`product_id`) REFERENCES `products` (`id`),
  ADD CONSTRAINT `files_products_ibfk_2` FOREIGN KEY (`file_id`) REFERENCES `files` (`id`);

--
-- Contraintes pour la table `products`
--
ALTER TABLE `products`
  ADD CONSTRAINT `products_ibfk_1` FOREIGN KEY (`user_id`) REFERENCES `users` (`id`);

--
-- Contraintes pour la table `products_tags`
--
ALTER TABLE `products_tags`
  ADD CONSTRAINT `products_tags_ibfk_1` FOREIGN KEY (`tag_id`) REFERENCES `tags` (`id`),
  ADD CONSTRAINT `products_tags_ibfk_2` FOREIGN KEY (`product_id`) REFERENCES `products` (`id`);

--
-- Contraintes pour la table `reviews`
--
ALTER TABLE `reviews`
  ADD CONSTRAINT `reviews_ibfk_1` FOREIGN KEY (`product_id`) REFERENCES `products` (`id`);

--
-- Contraintes pour la table `users`
--
ALTER TABLE `users`
  ADD CONSTRAINT `users_ibfk_1` FOREIGN KEY (`id_role`) REFERENCES `roles` (`id`);
COMMIT;

/*!40101 SET CHARACTER_SET_CLIENT=@OLD_CHARACTER_SET_CLIENT */;
/*!40101 SET CHARACTER_SET_RESULTS=@OLD_CHARACTER_SET_RESULTS */;
/*!40101 SET COLLATION_CONNECTION=@OLD_COLLATION_CONNECTION */;
